{"1": [0.5555555555555556, 0.5444444444444445, 0.7055555555555556, 0.711111111111111, 0.7222222222222222, 0.6444444444444446, 0.6888888888888889, 0.7444444444444445], "2": [0.5666666666666668, 0.6722222222222222, 0.6944444444444444, 0.7833333333333333, 0.9166666666666666, 0.9388888888888889, 0.9222222222222222, 0.9], "3": [0.5, 0.47222222222222215, 0.5, 0.5055555555555556, 0.4444444444444445, 0.41666666666666663, 0.43888888888888894, 0.6055555555555555], "4": [0.7111111111111111, 0.6111111111111113, 0.5888888888888888, 0.5055555555555555, 0.6611111111111112, 0.5444444444444445, 0.48888888888888893, 0.5055555555555555], "5": [0.45, 0.5222222222222223, 0.7055555555555555, 0.6555555555555557, 0.538888888888889, 0.6500000000000001, 0.6388888888888888, 0.6], "6": [0.3722222222222222, 0.4833333333333333, 0.4833333333333334, 0.39999999999999997, 0.38333333333333325, 0.45, 0.4611111111111111, 0.41666666666666663], "7": [0.7777777777777778, 0.8166666666666668, 0.861111111111111, 0.9444444444444444, 0.95, 0.9555555555555555, 0.9666666666666668, 0.9777777777777779], "8": [0.41666666666666663, 0.44444444444444436, 0.40555555555555556, 0.4666666666666667, 0.538888888888889, 0.5388888888888889, 0.5611111111111111, 0.5888888888888888], "9": [0.47777777777777775, 0.5499999999999999, 0.46111111111111097, 0.5833333333333333, 0.5555555555555556, 0.5666666666666667, 0.5055555555555555, 0.45555555555555555], "10": [0.6055555555555555, 0.6666666666666667, 0.5333333333333333, 0.6333333333333334, 0.6722222222222223, 0.6277777777777778, 0.5777777777777777, 0.538888888888889], "11": [0.4222222222222222, 0.5611111111111111, 0.55, 0.45, 0.42777777777777776, 0.5444444444444445, 0.6388888888888888, 0.6], "12": [0.5277777777777778, 0.5611111111111111, 0.5777777777777777, 0.5000000000000001, 0.5888888888888889, 0.5, 0.3722222222222222, 0.5611111111111111], "13": [0.7166666666666668, 0.7222222222222223, 0.7333333333333333, 0.6888888888888889, 0.6777777777777778, 0.6944444444444444, 0.6222222222222221, 0.6555555555555557], "14": [0.5444444444444445, 0.4277777777777777, 0.46111111111111114, 0.438888888888889, 0.5166666666666668, 0.5388888888888889, 0.5666666666666667, 0.5611111111111111], "15": [0.7111111111111111, 0.6500000000000001, 0.6944444444444445, 0.7555555555555558, 0.7833333333333334, 0.6611111111111112, 0.6722222222222222, 0.7055555555555556], "16": [0.638888888888889, 0.5722222222222222, 0.55, 0.4833333333333333, 0.5722222222222222, 0.55, 0.5611111111111111, 0.6], "17": [0.42777777777777776, 0.35, 0.39444444444444443, 0.5888888888888889, 0.5055555555555554, 0.5833333333333335, 0.6055555555555554, 0.5666666666666668], "18": [0.40555555555555556, 0.6055555555555555, 0.5055555555555555, 0.5, 0.46111111111111114, 0.45555555555555555, 0.45555555555555555, 0.4888888888888888], "19": [0.6333333333333333, 0.7055555555555555, 0.7222222222222222, 0.7777777777777778, 0.75, 0.7555555555555555, 0.6611111111111111, 0.6833333333333333], "20": [0.55, 0.43888888888888883, 0.45555555555555555, 0.3777777777777777, 0.45555555555555555, 0.43888888888888883, 0.41666666666666663, 0.4], "21": [0.6277777777777778, 0.6833333333333333, 0.7333333333333333, 0.6222222222222221, 0.6055555555555555, 0.6277777777777777, 0.6, 0.6166666666666666], "22": [0.4666666666666666, 0.42777777777777776, 0.5555555555555556, 0.5333333333333334, 0.6055555555555556, 0.6333333333333334, 0.55, 0.6333333333333334], "23": [0.55, 0.5777777777777778, 0.5333333333333333, 0.5722222222222222, 0.5166666666666666, 0.5833333333333333, 0.5888888888888888, 0.6277777777777777], "24": [0.5611111111111111, 0.5333333333333334, 0.6944444444444444, 0.538888888888889, 0.5611111111111111, 0.4833333333333333, 0.55, 0.47777777777777775], "25": [0.6388888888888887, 0.55, 0.5555555555555556, 0.4833333333333333, 0.55, 0.5055555555555555, 0.45, 0.47777777777777775]}